-4.3366456,5.9925515,-2.3805655,4.3601403
-4.2691081,5.9189776,-2.4175193,4.3552899
-4.2043608,5.8428982,-2.4556227,4.3459973
-4.1425887,5.7643634,-2.4947374,4.3334233
-4.0839694,5.6834363,-2.5348394,4.3182421
-4.0286814,5.6001999,-2.575872,4.3009645
-3.9768978,5.5147507,-2.6178052,4.2820592
-3.9287883,5.4271985,-2.6606327,4.2618165
-3.88452,5.3376619,-2.7043878,4.2403847
-3.8442608,5.2462653,-2.7491593,4.2177184
-3.8081852,5.1531352,-2.795114,4.1935449
-3.776484,5.0583986,-2.8425266,4.1672974
-3.7493797,4.9621875,-2.8918227,4.1380201
-3.7271489,4.8646575,-2.9436371,4.0418134
-3.710152,4.766036,-2.998889,3.8486756
-3.6988625,4.6667257,-3.0588517,3.6541327
-3.6938715,4.5674934,-3.1251078,3.4620868
-3.695945,4.4670796,3.0821784,3.273606
-3.7059763,4.3680476,2.9977649,3.0785638
-3.7246969,4.2704084,2.9037888,2.914417
-3.7541777,4.1758335,2.7677073,2.8367675
-3.7972539,4.0854191,2.6312317,2.7569318
-3.8504815,4.0015455,2.5252499,2.7830076
-3.9119847,3.9224253,2.4390993,2.8721192
-3.9795641,3.848412,2.3657966,2.9749158
-4.0519269,3.7793619,2.3008809,3.0688474
-4.1282979,3.7150252,2.2416304,3.1549992
-4.2081682,3.6552036,2.1861859,3.2342635
-4.2911595,3.5997835,2.1333309,3.3073851
-4.3769527,3.5487201,2.0822932,3.3749943
-4.4652553,3.5020122,2.0325936,3.4376308
-4.5557873,3.4596792,1.9839537,3.4957609
-4.6482773,3.4217438,1.9362378,3.549791
-4.7424614,3.3882191,1.889413,3.6000782
-4.838029,3.3591164,1.843541,3.6469381
-4.9347719,3.3343917,1.7986726,3.6906511
-5.0325586,3.3139703,1.7548793,3.7314682
-5.1311538,3.2977867,1.7123154,3.7696142
-5.2303294,3.2857444,1.6711731,3.8052923
-5.3298849,3.2777198,1.6315322,3.8386859
-5.4297099,3.2735642,1.5935739,3.8699618
-5.529654,3.2731143,1.557291,3.8992716
-5.6295165,3.2762121,1.522487,3.9267541
-5.7291686,3.28272,1.4888674,3.9525359
-5.828531,3.292517,1.4563433,3.9767336
-5.9275181,3.3054859,1.4248751,3.9994539
-6.0261609,3.3215312,1.3943841,4.0207955
-6.124256,3.3405237,1.3648737,4.0408493
-6.2217401,3.3623516,1.3363143,4.0596992
-6.3185569,3.3869054,1.3086827,4.077423
-6.4146581,3.4140772,1.2819638,4.0940928
-6.5100021,3.4437603,1.2561494,4.1097755
-6.6045544,3.475849,1.2312377,4.1245331
-6.6983512,3.5102624,1.2072176,4.1384234
-6.7913144,3.5468774,1.1841145,4.1515001
-6.8834152,3.5855831,1.1619473,4.1638135
-6.9746468,3.6262738,1.1407354,4.1754102
-7.0650088,3.6688435,1.1204852,4.1863339
-7.1545046,3.7131917,1.1010877,4.1966252
-7.2431314,3.7592412,1.0821804,4.2063224
-7.3308774,3.8069411,1.0636128,4.2154609
-7.4177294,3.8562467,1.0453802,4.2240741
-7.5036769,3.9071121,1.0275105,4.2321932
-7.588723,3.9594955,1.0100342,4.2398475
-7.6728657,4.013348,0.9929882,4.2470643
-7.7560868,4.0686045,0.976418,4.2538694
-7.8383918,4.1252086,0.9603699,4.2602869
-7.9197909,4.183101,0.9448947,4.2663394
-8.0003002,4.2422193,0.9300472,4.2720481
-8.0799411,4.3024979,0.9158863,4.2774331
-8.1587415,4.3638679,0.9024738,4.2825129
-8.2367565,4.426255,0.8907468,4.2873054
-8.3142545,4.4893191,0.8862108,4.291827
-8.3917756,4.552343,0.8916181,4.2960933
-8.4698112,4.6146923,0.9022835,4.3001189
-8.5485626,4.6761237,0.9145026,4.3039177
-8.6280826,4.7365583,0.9274837,4.3075026
-8.7084035,4.7959265,0.941203,4.3108858
-8.7895537,4.8541591,0.9556397,4.3140788
-8.8715579,4.9111866,0.9707734,4.3170925
-8.9544371,4.9669401,0.9865827,4.319937
-9.0382082,5.0213509,1.0030448,4.3226219
-9.1228746,5.074345,1.0201343,4.3251563
-9.2084462,5.1258564,1.0378245,4.3275487
-9.2949262,5.1758188,1.0560919,4.3298071
-9.3823144,5.2241672,1.0749021,4.3319391
-9.470604,5.2708383,1.0942304,4.3339519
-9.5597876,5.3157689,1.1140807,4.335852
-9.6498805,5.3589163,1.1341787,4.337646
-9.7408401,5.4002734,1.1538849,4.3393397
-9.8325762,5.4398356,1.1734065,4.3409388
-9.9250665,5.4775822,1.1932823,4.3424487
-10.0183007,5.5134733,1.2134117,4.3438743
-10.1122401,5.5474633,1.2339051,4.3452203
-10.2068597,5.5794992,1.2548449,4.3464912
-10.3021297,5.6095196,1.2763296,4.3476913
-10.3980342,5.6374561,1.2984798,4.3488245
-10.4945524,5.6632268,1.3214245,4.3498945
-10.5916496,5.6867327,1.345303,4.3509049
-10.6892903,5.707862,1.370254,4.351859
-10.7874348,5.7264909,1.3963779,4.35276
-10.8860361,5.7424895,1.4237186,4.3536108
-10.9850398,5.7557217,1.4523704,4.3544142
-11.0843821,5.766042,1.4824336,4.355173
-11.183989,5.7732978,1.5139761,4.3558894
-11.2837738,5.7773338,1.5470052,4.3565661
-11.3836364,5.7780063,1.581294,4.357205
-11.4834662,5.7752232,1.6160596,4.3578085
-11.583148,5.7689744,1.650687,4.3583783
-11.6825723,5.7592994,1.6848005,4.3589165
-11.7816152,5.7462787,1.7180502,4.3594247
-11.8801222,5.7300345,1.7502432,4.3599047
-11.9779916,5.7107334,1.7800334,4.360358
-12.0752555,5.6887578,1.8053255,4.3607861
-12.1721243,5.6644574,1.8276,4.3611904
-12.2685519,5.6380115,1.8492364,4.3615723
-12.3644235,5.6095184,1.8699937,4.3619329
-12.4596905,5.5790698,1.8902638,4.3622735
-12.5541927,5.5467521,1.9103383,4.3625951
-12.6480853,5.5125205,1.9305036,4.3628989
-12.7413162,5.4763653,1.9510717,4.3631858
-12.8337467,5.438281,1.9723412,4.3634568
-12.9252299,5.3982365,1.9946695,4.3637127
-13.015635,5.3561565,2.0184977,4.3639544
-13.1053188,5.3116646,2.0445466,4.3641826
-13.193735,5.2647369,2.0735033,4.3021744
-13.2806233,5.2151274,2.1064353,4.0446301
-13.3656428,5.1624939,2.1448868,3.7903367
-13.4482811,5.1063867,2.1911666,3.5440229
-13.5276738,5.0462771,2.2487991,3.3150261
-13.6032734,4.980781,2.3241932,3.121125
-13.6728668,4.9089023,2.4256795,2.9915568
-13.7333655,4.8297166,2.5563926,2.9118521
-13.7830425,4.7440968,2.6549499,2.8299032
-13.8280317,4.6550877,2.6944725,2.9364547
-13.8689177,4.5642188,2.7463939,3.0336584
-13.904123,4.4701294,2.8221201,3.1226906
-13.9318443,4.3745312,2.8954681,3.1778478
-13.9528484,4.2768082,2.9635485,3.2426229
-13.9673595,4.1778022,3.0280745,3.3079351
-13.9755763,4.078207,3.0901663,3.3692011
-13.9776786,3.9783051,-3.132415,3.4247135
-13.9737675,3.8784192,-3.0725682,3.4736957
-13.9639097,3.7790032,-3.0129428,3.515253
-13.9481629,3.6805153,-2.9530662,3.5487492
-13.9264071,3.5827384,-2.8920514,3.5736979
-13.8987557,3.4867627,-2.8297032,3.590518
-13.8651286,3.3928865,-2.7653887,3.5957965
-13.8251532,3.3016026,-2.6881463,3.590099
-13.7773008,3.2142205,-2.5924462,3.4950732
-13.7213982,3.1318284,-2.4997836,3.4039516
-13.6581062,3.0542014,-2.4174677,3.3611427
-13.5892311,2.9817531,-2.3473327,3.3695467
-13.5160114,2.9141062,-2.287458,3.4133911
-13.4390064,2.8505391,-2.2354751,3.4732539
-13.3589277,2.7907518,-2.1896624,3.5288623
-13.2762988,2.7344639,-2.1486303,3.5805918
-13.1915151,2.6814386,-2.1112954,3.6287734
-13.1048877,2.631487,-2.07682,3.673701
-13.016795,2.5845276,-2.0445941,3.7156366
-12.9272368,2.5403358,-2.0140214,3.7548149
-12.8363434,2.4988193,-1.9846768,3.7914473
-12.7442625,2.4599326,-1.956221,3.8257247
-12.6511269,2.4236521,-1.9283691,3.8578202
-12.5570492,2.3899709,-1.9008507,3.8878913
-12.4621285,2.3588969,-1.8734858,3.9160816
-12.3664368,2.330452,-1.8459153,3.9425224
-12.2699554,2.3046574,-1.8181511,3.9673341
-12.1726974,2.2815542,-1.789669,3.9906272
-12.0748889,2.2613228,-1.7595074,4.0125034
-11.9765342,2.2441329,-1.7281306,4.0330568
-11.8776617,2.2300236,-1.6970557,4.0523737
-11.7784052,2.2189589,-1.6667199,4.0705346
-11.6788682,2.2108544,-1.6376878,4.0876135
-11.5791398,2.2055337,-1.6109274,4.1036794
-11.4793064,2.202754,-1.5867818,4.1187961
-11.3794318,2.2022514,-1.5653278,4.1330232
-11.2795639,2.203754,-1.5466701,4.1464159
-11.1797214,2.2069401,-1.5325278,4.1590258
-11.0798928,2.2110181,-1.5294789,4.1709009
-10.980059,2.2147882,-1.5378364,4.1820861
-10.8802056,2.2175154,-1.5492935,4.1926231
-10.7803304,2.2190947,-1.5605908,4.2025512
-10.6804437,2.2195708,-1.5713851,4.2119068
-10.5805574,2.2189933,-1.5816909,4.2207241
-10.4806818,2.2174102,-1.5915238,4.2290353
-10.3808259,2.214868,-1.6009007,4.2368703
-10.2809973,2.2114115,-1.6098397,4.2442572
-10.1812025,2.207084,-1.6183595,4.2512224
-10.0814471,2.2019264,-1.62648,4.2577906
-9.9817355,2.195978,-1.6342218,4.263985
-9.8820717,2.1892758,-1.6416062,4.2698274
-9.7824586,2.1818548,-1.648655,4.2753382
-9.6828989,2.1737475,-1.6553908,4.2805367
-9.5833948,2.1649844,-1.6618364,4.2854409
-9.4839477,2.1555936,-1.668015,4.2900679
-9.3845593,2.1456009,-1.6739503,4.2944334
-9.2852307,2.1350295,-1.6796658,4.2985527
-9.185963,2.1239005,-1.6851854,4.3024397
-9.0867571,2.1122325,-1.690533,4.3061078
-8.9876141,2.1000417,-1.6957325,4.3095695
-8.888535,2.0873419,-1.7008075,4.3128365
-8.7895209,2.0741447,-1.7057818,4.3159199
-8.6905731,2.0604591,-1.7106787,4.3188302
-8.591693,2.046292,-1.7155213,4.3215772
-8.4928824,2.031648,-1.7203324,4.3241702
-8.3941432,2.0165293,-1.7251344,4.3266178
-8.2954778,2.0009363,-1.7299491,4.3289284
-8.1968888,1.9848668,-1.734798,4.3311096
-8.0983792,1.968317,-1.7397018,4.3331687
-7.9999526,1.9512808,-1.7446807,4.3351126
-7.9016128,1.9337502,-1.7497539,4.3369479
-7.8033641,1.9157155,-1.7549398,4.3386806
-7.7052115,1.8971654,-1.760256,4.3403166
-7.6071603,1.8780866,-1.7657188,4.3418612
-7.5092163,1.8584647,-1.7713433,4.3433195
-7.4113861,1.8382838,-1.7771432,4.3446965
-7.3136765,1.8175267,-1.7831307,4.3459967
-7.2160952,1.7961754,-1.7893163,4.3472243
-7.1186502,1.774211,-1.7957083,4.3483835
-7.02135,1.7516138,-1.802313,4.3494781
-6.9242039,1.7283641,-1.8091344,4.3505117
-6.8272214,1.7044417,-1.8161735,4.3514877
-6.7304125,1.6798267,-1.8234288,4.3524094
-6.6337876,1.6544999,-1.8308952,4.3532797
-6.5373573,1.6284424,-1.8385644,4.3541016
-6.4411323,1.601637,-1.8464245,4.3548777
-6.3451237,1.5740676,-1.8544594,4.3556106
-6.249342,1.5457201,-1.8626492,4.3563028
-6.1537978,1.5165827,-1.8709694,4.3569564
-6.0585009,1.4866463,-1.8793912,4.3575736
-5.9634608,1.4559049,-1.8878813,4.3581566
-5.8686856,1.424356,-1.8964018,4.3587071
-5.7741826,1.3920009,-1.9049104,4.359227
-5.6799574,1.3588452,-1.9133603,4.3597179
-5.5860138,1.3248993,-1.9217007,4.3601816
-5.4923537,1.2901782,-1.9298767,4.3606195
-5.3989766,1.2547023,-1.93783,4.3610331
-5.3058794,1.2184975,-1.945499,4.3614237
-5.2130559,1.1815953,-1.9528197,4.3617925
-5.120497,1.1440331,-1.9597254,4.3621409
-5.0281902,1.1058542,-1.966148,4.3624699
-4.9361196,1.0671079,-1.972018,4.3627807
-4.8442654,1.0278497,-1.9772652,4.3630741
-4.7526045,0.988141,-1.9818192,4.3633513
-4.6611156,0.948052,-1.9856094,4.3636131
-4.5697628,0.907654,-1.9885662,4.3638603
-4.4785115,0.8670267,-1.9906204,4.3640938
-4.387324,0.8262557,-1.9917037,4.3643143
-4.2961595,0.7854325,-1.9917491,4.3645226
-4.2049739,0.7446548,-1.9906903,4.3647193
-4.1137211,0.7040262,-1.9884624,4.3649051
-4.0223527,0.6636567,-1.9850015,4.3650806
-3.9308189,0.6236621,-1.9802447,4.3652463
-3.8390685,0.584165,-1.97413,4.3654028
-3.7470509,0.5452943,-1.9665976,4.3655506
-3.6547141,0.5071856,-1.9575822,4.3656903
-3.5620075,0.4699796,-1.947077,4.3658221
-3.4688918,0.4338137,-1.9352856,4.3659467
-3.3753489,0.3987759,-1.923049,4.3660643
-3.2813826,0.3648908,-1.9107306,4.3661754
-3.1870059,0.3321652,-1.8984293,4.3662804
-3.0922345,0.3006006,-1.8861856,4.3663795
-2.9970848,0.2701949,-1.8740227,4.3664731
-2.9015733,0.2409441,-1.8619562,4.3665615
-2.8057171,0.2128428,-1.8499964,4.366645
-2.7095343,0.1858848,-1.8381504,4.3667238
-2.6130418,0.1600627,-1.8264238,4.3667983
-2.5162547,0.1353679,-1.8148211,4.3668687
-2.4191889,0.1117915,-1.8033464,4.3669351
-2.3218603,0.089324,-1.7920027,4.3669979
-2.2242843,0.0679555,-1.7807928,4.3670572
-2.1264761,0.0476755,-1.7697186,4.3671132
-2.0284504,0.028473,-1.7587819,4.367166
-1.9302216,0.0103369,-1.7479838,4.367216
-1.8318033,-0.0067436,-1.7372805,4.3672632
-1.7332059,-0.0227606,-1.7262583,4.3673077
-1.634428,-0.0376243,-1.7137421,4.3673498
-1.5354591,-0.0511534,-1.6992199,4.3673895
-1.4362921,-0.0631406,-1.6826172,4.3674271
-1.3369295,-0.0733764,-1.663936,4.3674625
-1.237384,-0.0816513,-1.6431835,4.367496
-1.1376804,-0.087756,-1.6203737,4.3675276
-1.0378626,-0.0914923,-1.5957883,4.3675575
-0.9379897,-0.0927263,-1.5705827,4.3675857
-0.8381173,-0.0914698,-1.546004,4.3676124
-0.7383035,-0.0878063,-1.5223757,4.3676376
-0.6386001,-0.0818333,-1.4997038,4.3676613
-0.539052,-0.0736486,-1.4779768,4.3676838
-0.4396982,-0.0633492,-1.4571799,4.367705
-0.3405723,-0.0510311,-1.4372962,4.367725
-0.2417021,-0.0367885,-1.4183056,4.3677439
-0.143111,-0.0207138,-1.400186,4.3677618
-0.0448179,-0.0028969,-1.3829139,4.3677787
0.0531622,0.0165747,-1.3664653,4.3677946
0.1508181,0.0376162,-1.3508159,4.3678097
0.2481345,0.0601437,-1.3359425,4.3678239
0.3451076,0.0840779,-1.3218207,4.3678373
0.4417454,0.1093445,-1.3084259,4.36785
0.538048,0.1358699,-1.2957357,4.367862
0.6340177,0.1635829,-1.2837275,4.3678733
0.7296591,0.1924149,-1.2723834,4.367884
0.824976,0.2222991,-1.26168,4.3678941
0.9199852,0.2531735,-1.251612,4.3679036
1.0146991,0.2849874,-1.2419144,4.3679127
1.1090889,0.3177078,-1.2322926,4.3679212
1.2031276,0.3513222,-1.2227176,4.3679292
1.2968737,0.3858464,-1.2131394,4.3679368
1.3903246,0.4212875,-1.2034544,4.3679439
1.483427,0.4576395,-1.1936092,4.3679507
1.5761571,0.4949149,-1.1835184,4.3679571
1.6684875,0.5331328,-1.1731102,4.3679631
1.7603848,0.5723171,-1.1623147,4.3679689
1.8518034,0.6124926,-1.1510828,4.3679742
1.9426767,0.6536768,-1.1394089,4.3679793
2.0332274,0.696019,-1.1273359,4.3679841
2.1234346,0.7395467,-1.1151202,4.3679887
2.2129181,0.7840606,-1.1034136,4.367993
2.3014613,0.8292749,-1.0953943,4.367997
2.3906622,0.875082,-1.0996273,4.3680008
2.4796605,0.9197638,-1.1121083,4.3680044
2.5694473,0.9633753,-1.1242854,4.3680079
2.6589845,1.006461,-1.1131587,4.3680111
2.7478938,1.0523216,-1.0752791,4.3680141
2.8344363,1.1013231,-1.0359329,4.3513819
2.9195645,1.1539575,-0.9984129,4.3378479
3.0027496,1.209819,-0.9594745,4.3341222
3.0834885,1.2689148,-0.9191647,4.3091419
3.1617854,1.3309508,-0.8829662,4.3033648
3.2378171,1.3955839,-0.8500067,4.3069808
3.311741,1.4625756,-0.8194378,4.3103934
3.3836708,1.5317554,-0.7905701,4.3136141
3.4536683,1.6029917,-0.7628336,4.3166539
3.521744,1.6761757,-0.7357452,4.319523
3.5878632,1.7512119,-0.7088811,4.3222311
3.6519515,1.828015,-0.6818557,4.3247874
3.7138272,1.9064122,-0.6543397,4.3272005
3.773488,1.9865054,-0.6259263,4.3294784
3.8308366,2.0683497,-0.5962226,4.3316288
3.885663,2.1519067,-0.5648529,4.3336589
3.9377302,2.2371461,-0.531473,4.3355754
3.9868254,2.3241506,-0.4955443,4.3373849
4.0326663,2.4129848,-0.4567742,4.3313523
4.0748581,2.5035158,-0.4147449,4.3140021
4.1129584,2.5957239,-0.3681669,4.2807792
4.146545,2.6897524,-0.3173663,4.2325505
4.1751908,2.7854455,-0.264041,4.1761783
4.1985946,2.8825015,-0.2089249,4.1202417
4.2165411,2.9807166,-0.1523581,4.0659773
4.2288598,3.0798238,-0.0948464,4.0155001
4.2354375,3.1795219,-0.0368693,3.9702912
4.2362351,3.2794248,0.0208004,3.9317071
4.2313382,3.3791156,0.0769176,3.9018475
4.2209802,3.4784546,0.1303865,3.8868025
4.2054609,3.5771719,0.1810259,3.8852597
4.1850961,3.6750002,0.2290475,3.8946233
4.1601807,3.7717338,0.2747788,3.91194
4.1309415,3.867318,0.318656,3.9347819
4.0976085,3.9615594,0.3610654,3.9600693
4.0603935,4.0542475,0.4024213,3.983806
4.0194695,4.1451963,0.4431913,4.0060963
3.9746984,4.2347397,0.4841467,4.0270363
3.9262874,4.3223383,0.5257616,4.0467148
3.8742581,4.4077523,0.5687766,4.06027
3.8185607,4.490721,0.6141257,4.0643812
3.7590562,4.5709398,0.6630362,4.0560285
3.6955019,4.6480121,0.7171334,3.9795751
3.6275634,4.7213501,0.7787477,3.8152784
3.5548711,4.7900461,0.8506122,3.6784999
3.4772124,4.8526127,0.93716,3.5804927
3.394555,4.9074954,1.0319405,3.4797262
3.3062777,4.9547581,1.1270457,3.4027852
3.2142817,4.9931164,1.2249515,3.3310776
3.1189186,5.0221189,1.3270768,3.2518873
3.0209079,5.0409302,1.4368803,3.1471074
2.9213479,5.0483325,1.5584271,3.0632582
2.8216645,5.0432461,1.6841093,2.9770484
2.7233285,5.0260826,1.8015265,2.9338227
2.627558,4.9979749,1.9094115,2.9308456
2.535154,4.9601161,2.0084811,2.9564375
2.4469891,4.9137424,2.1001166,2.9993918
2.3636237,4.8599737,2.1877026,3.0545933
2.2846166,4.7985996,2.2714944,3.0863992
2.2099535,4.7311923,2.3360132,3.1626775
2.1399076,4.6602621,2.3873831,3.2413388
2.0731312,4.585927,2.4309347,3.3139207
2.0093577,4.5088557,2.4689578,3.3810441
1.9485766,4.4298013,2.5026706,3.4432412
1.8903094,4.3488102,2.5324998,3.5009722
1.8342576,4.2661467,2.5582846,3.5546385
1.7801458,4.1821024,2.5801956,3.604593
1.72771,4.0969548,2.5984606,3.6511477
1.6766982,4.0109727,2.6130505,3.6945802
1.6264433,3.924625,2.6122891,3.7351388
1.5753992,3.8387684,2.5975465,3.7730462
1.5229157,3.7536948,2.5795918,3.8085035
1.46878,3.6696591,2.5584936,3.8416926
1.4127893,3.5869261,2.5342174,3.8727788
1.3547503,3.5057748,2.5066935,3.9019124
1.2941964,3.4261433,2.4756166,3.9292309
1.2310324,3.3485266,2.4407383,3.9548601
1.1650639,3.2733178,2.4016259,3.9789154
1.0960646,3.2009467,2.3575737,4.001503
1.0237679,3.1319041,2.3076691,4.0033194
0.9478927,3.0668485,2.2500302,3.9781836
0.8682698,3.0067191,2.1839315,3.9225873
0.7848561,2.9522548,2.1144024,3.8478793
0.6978825,2.9037297,2.0449164,3.7834111
0.6074761,2.8612769,1.9747448,3.7297882
0.5142462,2.8252431,1.9044254,3.6861957
0.4189472,2.795933,1.8338158,3.6489832
0.321594,2.7734157,1.7621809,3.6168129
0.2229589,2.7580007,1.6891887,3.5865319
0.1234022,2.7499117,1.6141616,3.555998
0.023578,2.749433,1.5365179,3.5232205
-0.0760905,2.7568772,1.4553228,3.4862367
-0.1746076,2.7725531,1.36984,3.4431909
-0.2714735,2.7968877,1.278376,3.3916253
-0.3655737,2.8302805,1.1805607,3.3283184
-0.4557472,2.8726157,1.0825005,3.2686576
-0.5410598,2.9240155,0.9739578,3.2032056
-0.6206694,2.9842606,0.8745756,3.1439975
-0.694383,3.0515112,0.7904016,3.1487743
-0.7626134,3.1241336,0.7200551,3.1998431
-0.8261948,3.2012797,0.660077,3.2756101
-0.8853964,3.2818933,0.6079137,3.3455972
-0.9405398,3.3652767,0.5614887,3.4103817
-0.9919157,3.4509732,0.5192185,3.4704606
-1.0397519,3.5386703,0.4799169,3.5262657
-1.0842073,3.6281372,0.4426887,3.5781747
-1.1253794,3.7191874,0.4068468,3.6265209
-1.1633144,3.8116592,0.3718513,3.6715996
-1.1980178,3.9054053,0.3372682,3.7136742
-1.2294628,4.0002885,0.3027413,3.7529808
-1.2575972,4.0961793,0.2679723,3.7897317
-1.2823475,4.1929504,0.23271,3.8241189
-1.3036399,4.2905594,0.1967087,3.8563162
-1.3213644,4.3888964,0.159786,3.8864817
-1.335395,4.4878232,0.1218068,3.9147598
-1.345601,4.5871987,0.0826763,3.9412824
-1.3518509,4.686876,0.0423888,3.9661702
-1.3540526,4.7867017,0.0017331,3.9895343
-1.3522969,4.8865248,-0.0361644,4.0114769
-1.3469989,4.9862973,-0.0689847,4.0320921
-1.3386976,5.0858773,-0.0966203,4.051467
-1.3280565,5.1852366,-0.1126409,4.069682
-1.3170163,5.2845579,-0.1071042,4.0868116
-1.3068715,5.3839699,-0.0954179,4.1029249
-1.2981548,5.4835115,-0.0783587,4.1180861
-1.2914151,5.5832018,-0.0557602,4.1323549
-1.2871799,5.6830287,-0.0284751,4.1457868
-1.285774,5.78294,0.00047,4.1584334
-1.2872858,5.8828545,0.0298467,4.170343
-1.2917515,5.9826768,0.0596572,4.1815605
-1.2992182,6.0822874,0.0901054,4.192128
-1.3097444,6.1815208,0.121427,4.2020846
-1.3234008,6.2801814,0.1538813,4.2114671
-1.3404591,6.3790609,0.1880574,4.2203097
-1.3608557,6.4767991,0.2236727,4.2286446
-1.3848041,6.5737785,0.2606814,4.236502
-1.4122426,6.6693717,0.2994241,4.2439099
-1.4439893,6.7640131,0.3492433,4.2265826
-1.480585,6.8567502,0.4031102,4.1737015
-1.5222314,6.9473776,0.4583037,4.1136647
-1.5689484,7.0359774,0.511586,4.0656489
-1.6197944,7.1215003,0.5604361,4.0391148
-1.6748327,7.2049508,0.6048917,4.0350828
-1.7335103,7.2862246,0.6450506,4.0501004
-1.7948443,7.3647069,0.6810708,4.068397
-1.8589507,7.4411725,0.7138281,4.085603
-1.925476,7.5156552,0.7437971,4.1017879
-1.9941388,7.5882192,0.7714052,4.1170162
-2.0647153,7.6589417,0.7970204,4.1313479
-2.1370261,7.7279015,0.8209522,4.1448387
-2.2109246,7.7951721,0.8434585,4.1575407
-2.2862878,7.8608185,0.864753,4.1695022
-2.3630099,7.9248961,0.8850132,4.1807685
-2.4409973,7.987451,0.9043867,4.1913818
-2.5201337,8.0484959,0.9229895,4.2013815
-2.6002633,8.1080059,0.9409099,4.2108045
-2.6814666,8.1661201,0.9582707,4.2196852
-2.7636832,8.2228576,0.9751458,4.228056
-2.8468551,8.2782322,0.9915983,4.235947
-2.9309266,8.3322533,1.0076823,4.2433867
-3.0158445,8.3849274,1.0234443,4.2504015
-3.101543,8.43625,1.0389227,4.2570165
-3.1880203,8.486251,1.0541633,4.2632549
-3.2752608,8.5349464,1.0692029,4.2691388
-3.363221,8.5823329,1.0840691,4.2746886
-3.45186,8.628407,1.0987873,4.279924
-3.5411398,8.6731648,1.1133813,4.2848629
-3.6310709,8.716624,1.1278807,4.2895224
-3.7216769,8.7588037,1.1423169,4.2939188
-3.8128741,8.7996703,1.1567019,4.2980671
-3.9046334,8.8392157,1.171056,4.3019815
-3.9969292,8.8774318,1.1854007,4.3056754
-4.0897393,8.91431,1.1997537,4.3091614
-4.1830448,8.9498434,1.2140922,4.3124513
-4.2768258,8.9840347,1.2282314,4.3155564
-4.3711744,9.0169442,1.2420849,4.3184871
-4.465991,9.0485684,1.2555824,4.3212534
-4.5612005,9.0789212,1.2687495,4.3238645
-4.6567431,9.1080212,1.2813178,4.3263292
-4.7526045,9.1359967,1.2919119,4.3286559
-4.8487409,9.1630932,1.2999813,4.3308524
-4.9450769,9.1894715,1.3069034,4.3329259
-5.0415758,9.215234,1.3127327,4.3348834
-5.13821,9.2404871,1.3174535,4.3367315
-5.2349479,9.2653379,1.3210501,4.3384763
-5.3317611,9.2898945,1.3235534,4.3401237
-5.4286244,9.3142525,1.3252475,4.341679
-5.5255249,9.3384633,1.3266322,4.3431476
-5.622457,9.3625496,1.3278174,4.3445341
-5.7194158,9.3865318,1.3287806,4.3458434
-5.8163962,9.4104328,1.3294967,4.3470796
-5.9133922,9.4342776,1.329943,4.3482468
-6.0103976,9.4580936,1.3300992,4.3493491
-6.1074066,9.4819101,1.3299479,4.3503898
-6.2044061,9.5057563,1.3294741,4.3513726
-6.3013885,9.5296641,1.3286655,4.3523007
-6.3983462,9.5536667,1.3275122,4.3531771
-6.4952711,9.577798,1.3260065,4.3540047
-6.5921548,9.6020923,1.3241426,4.3547862
-6.6889885,9.6265847,1.3219167,4.3555242
-6.7857631,9.6513101,1.3193265,4.3562211
-6.8824689,9.6763039,1.316371,4.3568793
-6.9790962,9.7016011,1.3130507,4.3575008
-7.0756346,9.7272367,1.3093669,4.3580878
-7.1720734,9.7532452,1.3053223,4.3586421
-7.2684017,9.7796608,1.3009203,4.3591656
-7.364608,9.8065171,1.2961656,4.35966
-7.4606806,9.8338474,1.2910636,4.3601269
-7.5566077,9.8616837,1.2856207,4.3605679
-7.6523769,9.8900578,1.2798445,4.3609843
-7.7479757,9.9190001,1.2737436,4.3613776
-7.8433916,9.9485403,1.2673277,4.361749
-7.9386119,9.9787068,1.2606074,4.3620998
-8.0336241,10.0095268,1.2535948,4.3624311
-8.1284156,10.0410265,1.2463029,4.362744
-8.2229743,10.0732305,1.2387459,4.3630395
-8.3172887,10.1061622,1.2309385,4.3633186
-8.4113476,10.1398433,1.2228977,4.3635822
-8.5051414,10.1742946,1.2146614,4.3638311
-8.5987005,10.2094237,1.2094149,4.3640663
-8.692116,10.2446489,1.2131006,4.3642883
-8.785825,10.2790599,1.224965,4.364498
-8.8799696,10.3122784,1.2385131,4.3646961
-8.9746331,10.3441492,1.2538641,4.3648832
-9.0698344,10.3744892,1.2709898,4.3650599
-9.1655798,10.4031141,1.2898715,4.3652267
-9.2618834,10.4298465,1.3104723,4.3653844
-9.3587121,10.4545015,1.332743,4.3655332
-9.4560195,10.4769002,1.3566254,4.3656738
-9.5538814,10.4968972,1.3820927,4.3658066
-9.6522532,10.5143237,1.4090873,4.365932
-9.7510764,10.5290168,1.43755,4.3660504
-9.8502784,10.5408204,1.4674219,4.3661623
-9.9497775,10.5495863,1.4986504,4.366268
-10.0495272,10.5551752,1.5312143,4.3663678
-10.1494178,10.557449,1.565053,4.366462
-10.2493245,10.5562845,1.5999999,4.3665511
-10.3491101,10.5515914,1.6357104,4.3656476
-10.4486283,10.5433074,1.6721074,4.3617102
-10.5477283,10.5313768,1.7092486,4.355095
-10.6464541,10.5157066,1.7473214,4.3456955
-10.7444998,10.4962416,1.786412,4.3334748
-10.8416781,10.4729086,1.8266783,4.3181274
-10.9377979,10.4456252,1.8683072,4.299325
-11.0326486,10.4142996,1.9115395,4.2765946
-11.1260126,10.3788279,1.9565541,4.2496261
-11.2176375,10.3390898,2.0039032,4.2178285
-11.3072182,10.2949561,2.0536128,4.1800155
-11.394447,10.246326,2.1055054,4.1380544
-11.4789936,10.1931297,2.1597257,4.0933855
-11.5604747,10.1353134,2.2165708,4.0453006
-11.6384617,10.0728371,2.2763957,3.9934776
-11.7124627,10.0056829,2.3396915,3.9057465
-11.7819003,9.9338665,2.4071463,3.7468205
-11.8460778,9.8574601,2.4797556,3.588598
-11.9041825,9.7765557,2.559084,3.4356171
-11.955643,9.6904624,2.6485024,3.2967062
-11.9983831,9.600423,2.7508811,3.1867229
-12.0311224,9.5058156,2.8677185,3.0903861
-12.0520406,9.4083157,2.9946254,3.0080482
-12.0600334,9.3089978,3.1271596,2.9233921
-12.0565929,9.2097669,-3.0715267,2.8857233
-12.0449596,9.1111619,-2.9703101,2.9873245
-12.0229688,9.0129387,-2.8771484,2.9857913
-11.993666,8.918356,-2.8079216,3.0669024
-11.9581826,8.8249163,-2.7510864,3.1532125
-11.9177841,8.7333346,-2.7022889,3.2326173
-11.873255,8.6437781,-2.6587658,3.3058646
-11.8250779,8.5562329,-2.6187283,3.3735871
-11.7735612,8.4706575,-2.5809882,3.4363259
-11.7189152,8.3870371,-2.5447348,3.4945489
-11.6612955,8.3053958,-2.5094,3.5486637
-11.6008276,8.2257937,-2.4745775,3.5990284
-11.5376203,8.1483182,-2.4399737,3.6459592
-11.471773,8.0730756,-2.4053766,3.6897376
-11.4033972,8.0002013,-2.3706444,3.7306147
-11.3325702,7.929801,-2.3356565,3.7688163
-11.2592708,7.8618975,-2.3002893,3.8045457
-11.1835914,7.7966329,-2.2645152,3.8379869
-11.1056275,7.7341433,-2.2283374,3.8693069
-11.0254783,7.6745556,-2.1917844,3.8986578
-10.9432381,7.6179802,-2.1549054,3.9261784
-10.8588263,7.5644076,-2.1176802,3.9519957
-10.7724955,7.5140376,-2.0802157,3.9762264
-10.6843814,7.4669651,-2.0426595,3.9989776
-10.5945858,7.4232487,-2.0050575,4.0203481
-10.5032211,7.3829475,-1.9673811,4.0404287
-10.4104092,7.3461244,-1.929595,4.0593039
-10.3162722,7.3128412,-1.8916623,4.0770513
-10.2209366,7.2831589,-1.853577,4.0937431
-10.1245409,7.2571048,-1.8161816,4.1094464
-10.027236,7.2345067,-1.7829431,4.1242234
-9.9292925,7.2148042,-1.7569628,4.1381318
-9.8309315,7.1973381,-1.7364585,4.1512257
-9.7322538,7.1818105,-1.7173672,4.1635551
-9.6333057,7.1681501,-1.6986611,4.1751668
-9.534125,7.1563253,-1.6803238,4.1861046
-9.4347488,7.1463024,-1.6623685,4.1964092
-9.3352122,7.1380459,-1.644813,4.2061188
-9.2355488,7.1315172,-1.6276784,4.215269
-9.1357902,7.1266752,-1.6109885,4.2238932
-9.0359662,7.1234756,-1.5947687,4.2320227
-8.9361043,7.1218708,-1.5790448,4.2396867
-8.8362295,7.1218107,-1.5638419,4.2469127
-8.736365,7.1232417,-1.5491861,4.2537265
-8.6365276,7.1261081,-1.5350986,4.2601521
-8.5367299,7.1303514,-1.5216184,4.2662123
-8.4369822,7.1358998,-1.509236,4.2719282
-8.3372822,7.1424292,-1.5028426,4.2773199
-8.2376022,7.1491901,-1.5046954,4.2824062
-8.1378987,7.1553971,-1.5135607,4.2872047
-8.0381408,7.1605354,-1.5252125,4.291732
-7.9383276,7.1644805,-1.5374691,4.2960036
-7.8384769,7.1671734,-1.5502894,4.3000343
-7.7386,7.1685593,-1.5636367,4.3038379
-7.6387134,7.1685873,-1.5774741,4.3074273
-7.538836,7.1672101,-1.5917663,4.3108147
-7.4389887,7.1643843,-1.6064799,4.3140118
-7.3391942,7.1600701,-1.6215837,4.3170292
-7.2394768,7.1542308,-1.6370492,4.3198772
-7.1398622,7.1468332,-1.6528505,4.3225655
-7.0403779,7.1378467,-1.6689647,4.3251031
-6.9410524,7.1272436,-1.6853715,4.3274985
-6.8419155,7.1149986,-1.7020533,4.3297597
-6.7429981,7.1010886,-1.7189953,4.3318943
-6.6443324,7.0854925,-1.7361849,4.3339096
-6.5459513,7.0681909,-1.7536117,4.3358121
-6.4478887,7.0491663,-1.7712674,4.3376083
-6.3501839,7.0284034,-1.7891444,4.3393041
-6.2528683,7.0058867,-1.8072383,4.3409052
-6.1559782,6.9816024,-1.825545,4.342417
-6.0595515,6.9555385,-1.8440617,4.3438443
-5.9636267,6.9276836,-1.8627862,4.345192
-5.8682436,6.8980272,-1.8817434,4.3464645
-5.7734453,6.8665512,-1.901113,4.3476661
-5.6792876,6.8332074,-1.9213314,4.3488007
-5.5858407,6.7979204,-1.9425559,4.349872
-5.4931823,6.7606106,-1.9648007,4.3508837
-5.4013959,6.721202,-1.9880626,4.351839
-5.3105708,6.6796223,-2.0123415,4.3527411
-5.2208024,6.6358032,-2.0376421,4.3535929
-5.1322028,6.5896859,-2.0639705,4.3543974
-5.0448771,6.541209,-2.0913421,4.355157
-4.9589384,6.490315,-2.1197784,4.3558744
-4.8745105,6.4369529,-2.1492861,4.3565518
-4.791722,6.3810805,-2.1797872,4.3571916
-4.7106989,6.3226752,-2.2110977,4.3577958
-4.6315659,6.2617297,-2.2431942,4.3583663
-4.5544526,6.1982419,-2.2761238,4.3589052
-4.4794971,6.1322131,-2.3099509,4.3594141
-4.4068424,6.0636459,-2.3447244,4.3598946
-4.3366456,5.9925515,-2.3805655,4.3601403
