x,y,yaw,velocity
-4.3366456,5.9925515,-2.3805655,4.849298
-4.2691081,5.9189776,-2.4175193,4.7782169
-4.2043608,5.8428982,-2.4556227,4.706112
-4.1425887,5.7643634,-2.4947374,4.6323133
-4.0839694,5.6834363,-2.5348394,4.5561394
-4.0286814,5.6001999,-2.575872,4.4769329
-3.9768978,5.5147507,-2.6178052,4.3939166
-3.9287883,5.4271985,-2.6606327,4.3063294
-3.88452,5.3376619,-2.7043878,4.2133829
-3.8442608,5.2462653,-2.7491593,4.1143051
-3.8081852,5.1531352,-2.795114,4.0083619
-3.776484,5.0583986,-2.8425266,3.8949072
-3.7493797,4.9621875,-2.8918227,3.7734537
-3.7271489,4.8646575,-2.9436371,3.6437858
-3.710152,4.766036,-2.998889,3.5061366
-3.6988625,4.6667257,-3.0588517,3.3640798
-3.6938715,4.5674934,-3.1251078,3.2230692
-3.695945,4.4670796,3.0821784,3.0854156
-3.7059763,4.3680476,2.9977649,2.9428748
-3.7246969,4.2704084,2.9037888,2.8369446
-3.7541777,4.1758335,2.7677073,2.8367675
-3.7972539,4.0854191,2.6312317,2.8365904
-3.8504815,4.0015455,2.5252499,2.9161874
-3.9119847,3.9224253,2.4390993,3.0485083
-3.9795641,3.848412,2.3657966,3.198685
-4.0519269,3.7793619,2.3008809,3.3506019
-4.1282979,3.7150252,2.2416304,3.4979644
-4.2081682,3.6552036,2.1861859,3.6375431
-4.2911595,3.5997835,2.1333309,3.7677808
-4.3769527,3.5487201,2.0822932,3.8882504
-4.4652553,3.5020122,2.0325936,3.9991574
-4.5557873,3.4596792,1.9839537,4.1010806
-4.6482773,3.4217438,1.9362378,4.1948323
-4.7424614,3.3882191,1.889413,4.2813823
-4.838029,3.3591164,1.843541,4.3618068
-4.9347719,3.3343917,1.7986726,4.4374881
-5.0325586,3.3139703,1.7548793,4.5099734
-5.1311538,3.2977867,1.7123154,4.5802736
-5.2303294,3.2857444,1.6711731,4.6495495
-5.3298849,3.2777198,1.6315322,4.7186665
-5.4297099,3.2735642,1.5935739,4.7883753
-5.529654,3.2731143,1.557291,4.8603526
-5.6295165,3.2762121,1.522487,4.9337329
-5.7291686,3.28272,1.4888674,5.0070986
-5.828531,3.292517,1.4563433,5.0800339
-5.9275181,3.3054859,1.4248751,5.1525802
-6.0261609,3.3215312,1.3943841,5.2248484
-6.124256,3.3405237,1.3648737,5.2967955
-6.2217401,3.3623516,1.3363143,5.3685344
-6.3185569,3.3869054,1.3086827,5.4401734
-6.4146581,3.4140772,1.2819638,5.5118429
-6.5100021,3.4437603,1.2561494,5.5836912
-6.6045544,3.475849,1.2312377,5.6558868
-6.6983512,3.5102624,1.2072176,5.7286184
-6.7913144,3.5468774,1.1841145,5.8020848
-6.8834152,3.5855831,1.1619473,5.8765188
-6.9746468,3.6262738,1.1407354,5.9521734
-7.0650088,3.6688435,1.1204852,6.0293178
-7.1545046,3.7131917,1.1010877,6.1078529
-7.2431314,3.7592412,1.0821804,6.1864745
-7.3308774,3.8069411,1.0636128,6.2634982
-7.4177294,3.8562467,1.0453802,6.3387358
-7.5036769,3.9071121,1.0275105,6.4125399
-7.588723,3.9594955,1.0100342,6.4852728
-7.6728657,4.013348,0.9929882,6.5573118
-7.7560868,4.0686045,0.976418,6.6290526
-7.8383918,4.1252086,0.9603699,6.7009061
-7.9197909,4.183101,0.9448947,6.7733034
-8.0003002,4.2422193,0.9300472,6.8466953
-8.0799411,4.3024979,0.9158863,6.921557
-8.1587415,4.3638679,0.9024738,6.9971996
-8.2367565,4.426255,0.8907468,7.0720238
-8.3142545,4.4893191,0.8862108,7.1460554
-8.3917756,4.552343,0.8916181,7.2193188
-8.4698112,4.6146923,0.9022835,7.2918371
-8.5485626,4.6761237,0.9145026,7.3033526
-8.6280826,4.7365583,0.9274837,7.234149
-8.7084035,4.7959265,0.941203,7.1677158
-8.7895537,4.8541591,0.9556397,7.1038847
-8.8715579,4.9111866,0.9707734,7.042486
-8.9544371,4.9669401,0.9865827,6.9833472
-9.0382082,5.0213509,1.0030448,6.9262863
-9.1228746,5.074345,1.0201343,6.8711384
-9.2084462,5.1258564,1.0378245,6.8176868
-9.2949262,5.1758188,1.0560919,6.7658088
-9.3823144,5.2241672,1.0749021,6.7151013
-9.470604,5.2708383,1.0942304,6.6657196
-9.5597876,5.3157689,1.1140807,6.6173361
-9.6498805,5.3589163,1.1341787,6.5687345
-9.7408401,5.4002734,1.1538849,6.5164741
-9.8325762,5.4398356,1.1734065,6.4592675
-9.9250665,5.4775822,1.1932823,6.400072
-10.0183007,5.5134733,1.2134117,6.3401945
-10.1122401,5.5474633,1.2339051,6.2792151
-10.2068597,5.5794992,1.2548449,6.2181142
-10.3021297,5.6095196,1.2763296,6.1575612
-10.3980342,5.6374561,1.2984798,6.0982369
-10.4945524,5.6632268,1.3214245,6.0409593
-10.5916496,5.6867327,1.345303,5.9866227
-10.6892903,5.707862,1.370254,5.9360605
-10.7874348,5.7264909,1.3963779,5.8897101
-10.8860361,5.7424895,1.4237186,5.8481664
-10.9850398,5.7557217,1.4523704,5.8122612
-11.0843821,5.766042,1.4824336,5.782816
-11.183989,5.7732978,1.5139761,5.7604836
-11.2837738,5.7773338,1.5470052,5.7452389
-11.3836364,5.7780063,1.581294,5.7348018
-11.4834662,5.7752232,1.6160596,5.7243602
-11.583148,5.7689744,1.650687,5.713894
-11.6825723,5.7592994,1.6848005,5.7008245
-11.7816152,5.7462787,1.7180502,5.6830222
-11.8801222,5.7300345,1.7502432,5.6580723
-11.9779916,5.7107334,1.7800334,5.6268539
-12.0752555,5.6887578,1.8053255,5.5692516
-12.1721243,5.6644574,1.8276,5.4842672
-12.2685519,5.6380115,1.8492364,5.3845344
-12.3644235,5.6095184,1.8699937,5.2749081
-12.4596905,5.5790698,1.8902638,5.1537643
-12.5541927,5.5467521,1.9103383,5.0232728
-12.6480853,5.5125205,1.9305036,4.8833798
-12.7413162,5.4763653,1.9510717,4.7346113
-12.8337467,5.438281,1.9723412,4.577278
-12.9252299,5.3982365,1.9946695,4.4115955
-13.015635,5.3561565,2.0184977,4.2377636
-13.1053188,5.3116646,2.0445466,4.0568502
-13.193735,5.2647369,2.0735033,3.8700957
-13.2806233,5.2151274,2.1064353,3.6789415
-13.3656428,5.1624939,2.1448868,3.4860739
-13.4482811,5.1063867,2.1911666,3.296719
-13.5276738,5.0462771,2.2487991,3.1214448
-13.6032734,4.980781,2.3241932,2.9810458
-13.6728668,4.9089023,2.4256795,2.9120338
-13.7333655,4.8297166,2.5563926,2.9118521
-13.7830425,4.7440968,2.6549499,2.9116703
-13.8280317,4.6550877,2.6944725,3.0879762
-13.8689177,4.5642188,2.7463939,3.2547256
-13.904123,4.4701294,2.8221201,3.4048067
-13.9318443,4.3745312,2.8954681,3.492134
-13.9528484,4.2768082,2.9635485,3.588148
-13.9673595,4.1778022,3.0280745,3.6842111
-13.9755763,4.078207,3.0901663,3.7757103
-13.9776786,3.9783051,-3.132415,3.8607743
-13.9737675,3.8784192,-3.0725682,3.9383945
-13.9639097,3.7790032,-3.0129428,3.8966096
-13.9481629,3.6805153,-2.9530662,3.8214284
-13.9264071,3.5827384,-2.8920514,3.7381997
-13.8987557,3.4867627,-2.8297032,3.6460531
-13.8651286,3.3928865,-2.7653887,3.5486259
-13.8251532,3.3016026,-2.6881463,3.5317515
-13.7773008,3.2142205,-2.5924462,3.531531
-13.7213982,3.1318284,-2.4997836,3.5313105
-13.6581062,3.0542014,-2.4174677,3.5589587
-13.5892311,2.9817531,-2.3473327,3.6249738
-13.5160114,2.9141062,-2.287458,3.7195385
-13.4390064,2.8505391,-2.2354751,3.8327628
-13.3589277,2.7907518,-2.1896624,3.9568893
-13.2762988,2.7344639,-2.1486303,4.0865779
-13.1915151,2.6814386,-2.1112954,4.2138896
-13.1048877,2.631487,-2.07682,4.3374509
-13.016795,2.5845276,-2.0445941,4.4575737
-12.9272368,2.5403358,-2.0140214,4.5745288
-12.8363434,2.4988193,-1.9846768,4.6885534
-12.7442625,2.4599326,-1.956221,4.7998563
-12.6511269,2.4236521,-1.9283691,4.9086226
-12.5570492,2.3899709,-1.9008507,5.0150174
-12.4621285,2.3588969,-1.8734858,5.1152969
-12.3664368,2.330452,-1.8459153,5.2082535
-12.2699554,2.3046574,-1.8181511,5.2927533
-12.1726974,2.2815542,-1.789669,5.370919
-12.0748889,2.2613228,-1.7595074,5.4369624
-11.9765342,2.2441329,-1.7281306,5.4874325
-11.8776617,2.2300236,-1.6970557,5.5333376
-11.7784052,2.2189589,-1.6667199,5.5792865
-11.6788682,2.2108544,-1.6376878,5.6269508
-11.5791398,2.2055337,-1.6109274,5.6819364
-11.4793064,2.202754,-1.5867818,5.7473924
-11.3794318,2.2022514,-1.5653278,5.8239707
-11.2795639,2.203754,-1.5466701,5.9117345
-11.1797214,2.2069401,-1.5325278,6.0002561
-11.0798928,2.2110181,-1.5294789,6.0874797
-10.980059,2.2147882,-1.5378364,6.1734605
-10.8802056,2.2175154,-1.5492935,6.2582496
-10.7803304,2.2190947,-1.5605908,6.3418948
-10.6804437,2.2195708,-1.5713851,6.4244408
-10.5805574,2.2189933,-1.5816909,6.5059294
-10.4806818,2.2174102,-1.5915238,6.5864
-10.3808259,2.214868,-1.6009007,6.6658893
-10.2809973,2.2114115,-1.6098397,6.7444321
-10.1812025,2.207084,-1.6183595,6.822061
-10.0814471,2.2019264,-1.62648,6.8988069
-9.9817355,2.195978,-1.6342218,6.974699
-9.8820717,2.1892758,-1.6416062,7.0497648
-9.7824586,2.1818548,-1.648655,7.1240305
-9.6828989,2.1737475,-1.6553908,7.1975208
-9.5833948,2.1649844,-1.6618364,7.2702592
-9.4839477,2.1555936,-1.668015,7.3422681
-9.3845593,2.1456009,-1.6739503,7.4135688
-9.2852307,2.1350295,-1.6796658,7.4841814
-9.185963,2.1239005,-1.6851854,7.5541253
-9.0867571,2.1122325,-1.690533,7.623419
-8.9876141,2.1000417,-1.6957325,7.6920798
-8.888535,2.0873419,-1.7008075,7.7601247
-8.7895209,2.0741447,-1.7057818,7.8275698
-8.6905731,2.0604591,-1.7106787,7.8944303
-8.591693,2.046292,-1.7155213,7.9607211
-8.4928824,2.031648,-1.7203324,8.0
-8.3941432,2.0165293,-1.7251344,8.0
-8.2954778,2.0009363,-1.7299491,8.0
-8.1968888,1.9848668,-1.734798,8.0
-8.0983792,1.968317,-1.7397018,8.0
-7.9999526,1.9512808,-1.7446807,8.0
-7.9016128,1.9337502,-1.7497539,8.0
-7.8033641,1.9157155,-1.7549398,8.0
-7.7052115,1.8971654,-1.760256,8.0
-7.6071603,1.8780866,-1.7657188,8.0
-7.5092163,1.8584647,-1.7713433,8.0
-7.4113861,1.8382838,-1.7771432,8.0
-7.3136765,1.8175267,-1.7831307,8.0
-7.2160952,1.7961754,-1.7893163,8.0
-7.1186502,1.774211,-1.7957083,8.0
-7.02135,1.7516138,-1.802313,8.0
-6.9242039,1.7283641,-1.8091344,8.0
-6.8272214,1.7044417,-1.8161735,8.0
-6.7304125,1.6798267,-1.8234288,8.0
-6.6337876,1.6544999,-1.8308952,8.0
-6.5373573,1.6284424,-1.8385644,8.0
-6.4411323,1.601637,-1.8464245,8.0
-6.3451237,1.5740676,-1.8544594,8.0
-6.249342,1.5457201,-1.8626492,8.0
-6.1537978,1.5165827,-1.8709694,8.0
-6.0585009,1.4866463,-1.8793912,8.0
-5.9634608,1.4559049,-1.8878813,8.0
-5.8686856,1.424356,-1.8964018,8.0
-5.7741826,1.3920009,-1.9049104,8.0
-5.6799574,1.3588452,-1.9133603,8.0
-5.5860138,1.3248993,-1.9217007,8.0
-5.4923537,1.2901782,-1.9298767,8.0
-5.3989766,1.2547023,-1.93783,8.0
-5.3058794,1.2184975,-1.945499,8.0
-5.2130559,1.1815953,-1.9528197,8.0
-5.120497,1.1440331,-1.9597254,8.0
-5.0281902,1.1058542,-1.966148,8.0
-4.9361196,1.0671079,-1.972018,8.0
-4.8442654,1.0278497,-1.9772652,8.0
-4.7526045,0.988141,-1.9818192,8.0
-4.6611156,0.948052,-1.9856094,8.0
-4.5697628,0.907654,-1.9885662,8.0
-4.4785115,0.8670267,-1.9906204,8.0
-4.387324,0.8262557,-1.9917037,8.0
-4.2961595,0.7854325,-1.9917491,8.0
-4.2049739,0.7446548,-1.9906903,8.0
-4.1137211,0.7040262,-1.9884624,8.0
-4.0223527,0.6636567,-1.9850015,8.0
-3.9308189,0.6236621,-1.9802447,8.0
-3.8390685,0.584165,-1.97413,8.0
-3.7470509,0.5452943,-1.9665976,8.0
-3.6547141,0.5071856,-1.9575822,8.0
-3.5620075,0.4699796,-1.947077,8.0
-3.4688918,0.4338137,-1.9352856,8.0
-3.3753489,0.3987759,-1.923049,8.0
-3.2813826,0.3648908,-1.9107306,8.0
-3.1870059,0.3321652,-1.8984293,8.0
-3.0922345,0.3006006,-1.8861856,8.0
-2.9970848,0.2701949,-1.8740227,8.0
-2.9015733,0.2409441,-1.8619562,7.9873597
-2.8057171,0.2128428,-1.8499964,7.9326208
-2.7095343,0.1858848,-1.8381504,7.8752993
-2.6130418,0.1600627,-1.8264238,7.8152603
-2.5162547,0.1353679,-1.8148211,7.7523717
-2.4191889,0.1117915,-1.8033464,7.6865047
-2.3218603,0.089324,-1.7920027,7.6175306
-2.2242843,0.0679555,-1.7807928,7.5453198
-2.1264761,0.0476755,-1.7697186,7.4697398
-2.0284504,0.028473,-1.7587819,7.3906543
-1.9302216,0.0103369,-1.7479838,7.3079212
-1.8318033,-0.0067436,-1.7372805,7.2213621
-1.7332059,-0.0227606,-1.7262583,7.1365031
-1.634428,-0.0376243,-1.7137421,7.0619269
-1.5354591,-0.0511534,-1.6992199,6.9994448
-1.4362921,-0.0631406,-1.6826172,6.9493068
-1.3369295,-0.0733764,-1.663936,6.9118429
-1.237384,-0.0816513,-1.6431835,6.887453
-1.1376804,-0.087756,-1.6203737,6.8764581
-1.0378626,-0.0914923,-1.5957883,6.8760288
-0.9379897,-0.0927263,-1.5705827,6.8755995
-0.8381173,-0.0914698,-1.546004,6.877588
-0.7383035,-0.0878063,-1.5223757,6.8856329
-0.6386001,-0.0818333,-1.4997038,6.8998701
-0.539052,-0.0736486,-1.4779768,6.9199704
-0.4396982,-0.0633492,-1.4571799,6.9455945
-0.3405723,-0.0510311,-1.4372962,6.9764198
-0.2417021,-0.0367885,-1.4183056,7.0121366
-0.143111,-0.0207138,-1.400186,7.0524463
-0.0448179,-0.0028969,-1.3829139,7.0970663
0.0531622,0.0165747,-1.3664653,7.1457318
0.1508181,0.0376162,-1.3508159,7.1981972
0.2481345,0.0601437,-1.3359425,7.2542355
0.3451076,0.0840779,-1.3218207,7.3136383
0.4417454,0.1093445,-1.3084259,7.3762106
0.538048,0.1358699,-1.2957357,7.4417883
0.6340177,0.1635829,-1.2837275,7.510205
0.7296591,0.1924149,-1.2723834,7.5799056
0.824976,0.2222991,-1.26168,7.5650703
0.9199852,0.2531735,-1.251612,7.484345
1.0146991,0.2849874,-1.2419144,7.3968699
1.1090889,0.3177078,-1.2322926,7.3048812
1.2031276,0.3513222,-1.2227176,7.2100939
1.2968737,0.3858464,-1.2131394,7.1115713
1.3903246,0.4212875,-1.2034544,7.0103549
1.483427,0.4576395,-1.1936092,6.9064947
1.5761571,0.4949149,-1.1835184,6.8004281
1.6684875,0.5331328,-1.1731102,6.692642
1.7603848,0.5723171,-1.1623147,6.5835452
1.8518034,0.6124926,-1.1510828,6.4731487
1.9426767,0.6536768,-1.1394089,6.3610773
2.0332274,0.696019,-1.1273359,6.2470185
2.1234346,0.7395467,-1.1151202,6.1299498
2.2129181,0.7840606,-1.1034136,6.0070296
2.3014613,0.8292749,-1.0953943,5.8734442
2.3906622,0.875082,-1.0996273,5.7213118
2.4796605,0.9197638,-1.1121083,5.586476
2.5694473,0.9633753,-1.1242854,5.4492423
2.6589845,1.006461,-1.1131587,5.3969257
2.7478938,1.0523216,-1.0752791,5.3832305
2.8344363,1.1013231,-1.0359329,5.3696857
2.9195645,1.1539575,-0.9984129,5.3546405
3.0027496,1.209819,-0.9594745,5.3543062
3.0834885,1.2689148,-0.9191647,5.353972
3.1617854,1.3309508,-0.8829662,5.3732547
3.2378171,1.3955839,-0.8500067,5.4106576
3.311741,1.4625756,-0.8194378,5.4601769
3.3836708,1.5317554,-0.7905701,5.5171763
3.4536683,1.6029917,-0.7628336,5.4846413
3.521744,1.6761757,-0.7357452,5.4155534
3.5878632,1.7512119,-0.7088811,5.3391675
3.6519515,1.828015,-0.6818557,5.2571808
3.7138272,1.9064122,-0.6543397,5.1711305
3.773488,1.9865054,-0.6259263,5.0831223
3.8308366,2.0683497,-0.5962226,4.9958189
3.885663,2.1519067,-0.5648529,4.9107995
3.9377302,2.2371461,-0.531473,4.8298242
3.9868254,2.3241506,-0.4955443,4.7557212
4.0326663,2.4129848,-0.4567742,4.688458
4.0748581,2.5035158,-0.4147449,4.6353778
4.1129584,2.5957239,-0.3681669,4.5993744
4.146545,2.6897524,-0.3173663,4.5770658
4.1751908,2.7854455,-0.264041,4.5616754
4.1985946,2.8825015,-0.2089249,4.5528245
4.2165411,2.9807166,-0.1523581,4.5487387
4.2288598,3.0798238,-0.0948464,4.5476764
4.2354375,3.1795219,-0.0368693,4.5473925
4.2362351,3.2794248,0.0208004,4.5471086
4.2313382,3.3791156,0.0769176,4.5496101
4.2209802,3.4784546,0.1303865,4.563295
4.2054609,3.5771719,0.1810259,4.588354
4.1850961,3.6750002,0.2290475,4.6232136
4.1601807,3.7717338,0.2747788,4.6033966
4.1309415,3.867318,0.318656,4.5495089
4.0976085,3.9615594,0.3610654,4.4820615
4.0603935,4.0542475,0.4024213,4.4017797
4.0194695,4.1451963,0.4431913,4.3094948
3.9746984,4.2347397,0.4841467,4.2061487
3.9262874,4.3223383,0.5257616,4.0926345
3.8742581,4.4077523,0.5687766,3.9702168
3.8185607,4.490721,0.6141257,3.8404546
3.7590562,4.5709398,0.6630362,3.7091974
3.6955019,4.6480121,0.7171334,3.582043
3.6275634,4.7213501,0.7787477,3.467208
3.5548711,4.7900461,0.8506122,3.3784235
3.4772124,4.8526127,0.93716,3.3299547
3.394555,4.9074954,1.0319405,3.2830898
3.3062777,4.9547581,1.1270457,3.2229519
3.2142817,4.9931164,1.2249515,3.162147
3.1189186,5.0221189,1.3270768,3.102607
3.0209079,5.0409302,1.4368803,3.0634495
2.9213479,5.0483325,1.5584271,3.0632582
2.8216645,5.0432461,1.6841093,3.063067
2.7233285,5.0260826,1.8015265,3.0807236
2.627558,4.9979749,1.9094115,3.1226624
2.535154,4.9601161,2.0084811,3.1840056
2.4469891,4.9137424,2.1001166,3.2577107
2.3636237,4.8599737,2.1877026,3.3412286
2.2846166,4.7985996,2.2714944,3.3977353
2.2099535,4.7311923,2.3360132,3.5004937
2.1399076,4.6602621,2.3873831,3.6417134
2.0731312,4.585927,2.4309347,3.7840788
2.0093577,4.5088557,2.4689578,3.9212621
1.9485766,4.4298013,2.5026706,4.0537894
1.8903094,4.3488102,2.5324998,4.1821034
1.8342576,4.2661467,2.5582846,4.3065807
1.7801458,4.1821024,2.5801956,4.4275448
1.72771,4.0969548,2.5984606,4.5452764
1.6766982,4.0109727,2.6130505,4.6600204
1.6264433,3.924625,2.6122891,4.7719923
1.5753992,3.8387684,2.5975465,4.8813829
1.5229157,3.7536948,2.5795918,4.9588814
1.46878,3.6696591,2.5584936,4.8210551
1.4127893,3.5869261,2.5342174,4.6883862
1.3547503,3.5057748,2.5066935,4.5608253
1.2941964,3.4261433,2.4756166,4.4381369
1.2310324,3.3485266,2.4407383,4.3211197
1.1650639,3.2733178,2.4016259,4.2117939
1.0960646,3.2009467,2.3575737,4.1132199
1.0237679,3.1319041,2.3076691,4.0313519
0.9478927,3.0668485,2.2500302,3.9760147
0.8682698,3.0067191,2.1839315,3.9442218
0.7848561,2.9522548,2.1144024,3.9123729
0.6978825,2.9037297,2.0449164,3.8793811
0.6074761,2.8612769,1.9747448,3.8426418
0.5142462,2.8252431,1.9044254,3.8000296
0.4189472,2.795933,1.8338158,3.7527656
0.321594,2.7734157,1.7621809,3.699925
0.2229589,2.7580007,1.6891887,3.6428529
0.1234022,2.7499117,1.6141616,3.5824687
0.023578,2.749433,1.5365179,3.5215051
-0.0760905,2.7568772,1.4553228,3.4637084
-0.1746076,2.7725531,1.36984,3.4139342
-0.2714735,2.7968877,1.278376,3.380225
-0.3655737,2.8302805,1.1805607,3.3517259
-0.4557472,2.8726157,1.0825005,3.34115
-0.5410598,2.9240155,0.9739578,3.3409415
-0.6206694,2.9842606,0.8745756,3.3407329
-0.694383,3.0515112,0.7904016,3.3916029
-0.7626134,3.1241336,0.7200551,3.4831044
-0.8261948,3.2012797,0.660077,3.5998343
-0.8853964,3.2818933,0.6079137,3.7301811
-0.9405398,3.3652767,0.5614887,3.8663146
-0.9919157,3.4509732,0.5192185,4.0006692
-1.0397519,3.5386703,0.4799169,4.1306401
-1.0842073,3.6281372,0.4426887,4.2566288
-1.1253794,3.7191874,0.4068468,4.3789792
-1.1633144,3.8116592,0.3718513,4.4962556
-1.1980178,3.9054053,0.3372682,4.6052819
-1.2294628,4.0002885,0.3027413,4.7054573
-1.2575972,4.0961793,0.2679723,4.7963053
-1.2823475,4.1929504,0.23271,4.8774508
-1.3036399,4.2905594,0.1967087,4.9487109
-1.3213644,4.3888964,0.159786,5.0099934
-1.335395,4.4878232,0.1218068,5.0612659
-1.345601,4.5871987,0.0826763,5.10266
-1.3518509,4.686876,0.0423888,5.134511
-1.3540526,4.7867017,0.0017331,5.1588998
-1.3522969,4.8865248,-0.0361644,5.1838498
-1.3469989,4.9862973,-0.0689847,5.2297535
-1.3386976,5.0858773,-0.0966203,5.3015692
-1.3280565,5.1852366,-0.1126409,5.3918152
-1.3170163,5.2845579,-0.1071042,5.4887952
-1.3068715,5.3839699,-0.0954179,5.5840794
-1.2981548,5.4835115,-0.0783587,5.5468804
-1.2914151,5.5832018,-0.0557602,5.4651862
-1.2871799,5.6830287,-0.0284751,5.3965285
-1.285774,5.78294,0.00047,5.32718
-1.2872858,5.8828545,0.0298467,5.2570593
-1.2917515,5.9826768,0.0596572,5.1836102
-1.2992182,6.0822874,0.0901054,5.1074242
-1.3097444,6.1815208,0.121427,5.0298479
-1.3234008,6.2801814,0.1538813,4.9528615
-1.3404591,6.3790609,0.1880574,4.877214
-1.3608557,6.4767991,0.2236727,4.8027326
-1.3848041,6.5737785,0.2606814,4.7272054
-1.4122426,6.6693717,0.2994241,4.6709198
-1.4439893,6.7640131,0.3492433,4.654128
-1.480585,6.8567502,0.4031102,4.6538375
-1.5222314,6.9473776,0.4583037,4.6535469
-1.5689484,7.0359774,0.511586,4.65633
-1.6197944,7.1215003,0.5604361,4.6746776
-1.6748327,7.2049508,0.6048917,4.7122348
-1.7335103,7.2862246,0.6450506,4.7673989
-1.7948443,7.3647069,0.6810708,4.8368768
-1.8589507,7.4411725,0.7138281,4.9174924
-1.925476,7.5156552,0.7437971,5.0062447
-1.9941388,7.5882192,0.7714052,5.1007341
-2.0647153,7.6589417,0.7970204,5.1990895
-2.1370261,7.7279015,0.8209522,5.2996216
-2.2109246,7.7951721,0.8434585,5.3982695
-2.2862878,7.8608185,0.864753,5.4951349
-2.3630099,7.9248961,0.8850132,5.5903103
-2.4409973,7.987451,0.9043867,5.6838806
-2.5201337,8.0484959,0.9229895,5.7759239
-2.6002633,8.1080059,0.9409099,5.866512
-2.6814666,8.1661201,0.9582707,5.9557114
-2.7636832,8.2228576,0.9751458,6.0435834
-2.8468551,8.2782322,0.9915983,6.1301853
-2.9309266,8.3322533,1.0076823,6.2155701
-3.0158445,8.3849274,1.0234443,6.2997873
-3.101543,8.43625,1.0389227,6.3828831
-3.1880203,8.486251,1.0541633,6.4649007
-3.2752608,8.5349464,1.0692029,6.5458808
-3.363221,8.5823329,1.0840691,6.6258612
-3.45186,8.628407,1.0987873,6.7048779
-3.5411398,8.6731648,1.1133813,6.7829644
-3.6310709,8.716624,1.1278807,6.8601455
-3.7216769,8.7588037,1.1423169,6.9348162
-3.8128741,8.7996703,1.1567019,7.0069984
-3.9046334,8.8392157,1.171056,7.0766732
-3.9969292,8.8774318,1.1854007,7.1438102
-4.0897393,8.91431,1.1997537,7.208381
-4.1830448,8.9498434,1.2140922,7.2704658
-4.2768258,8.9840347,1.2282314,7.3306524
-4.3711744,9.0169442,1.2420849,7.3908289
-4.465991,9.0485684,1.2555824,7.4510792
-4.5612005,9.0789212,1.2687495,7.5122867
-4.6567431,9.1080212,1.2813178,7.5729755
-4.7526045,9.1359967,1.2919119,7.6409976
-4.8487409,9.1630932,1.2999813,7.7094997
-4.9450769,9.1894715,1.3069034,7.7773901
-5.0415758,9.215234,1.3127327,7.8446846
-5.13821,9.2404871,1.3174535,7.9113984
-5.2349479,9.2653379,1.3210501,7.977546
-5.3317611,9.2898945,1.3235534,8.0
-5.4286244,9.3142525,1.3252475,8.0
-5.5255249,9.3384633,1.3266322,8.0
-5.622457,9.3625496,1.3278174,8.0
-5.7194158,9.3865318,1.3287806,8.0
-5.8163962,9.4104328,1.3294967,8.0
-5.9133922,9.4342776,1.329943,8.0
-6.0103976,9.4580936,1.3300992,8.0
-6.1074066,9.4819101,1.3299479,8.0
-6.2044061,9.5057563,1.3294741,8.0
-6.3013885,9.5296641,1.3286655,8.0
-6.3983462,9.5536667,1.3275122,8.0
-6.4952711,9.577798,1.3260065,8.0
-6.5921548,9.6020923,1.3241426,8.0
-6.6889885,9.6265847,1.3219167,8.0
-6.7857631,9.6513101,1.3193265,8.0
-6.8824689,9.6763039,1.316371,8.0
-6.9790962,9.7016011,1.3130507,8.0
-7.0756346,9.7272367,1.3093669,8.0
-7.1720734,9.7532452,1.3053223,8.0
-7.2684017,9.7796608,1.3009203,8.0
-7.364608,9.8065171,1.2961656,7.9439653
-7.4606806,9.8338474,1.2910636,7.8325436
-7.5566077,9.8616837,1.2856207,7.7209465
-7.6523769,9.8900578,1.2798445,7.6089659
-7.7479757,9.9190001,1.2737436,7.4963787
-7.8433916,9.9485403,1.2673277,7.3829452
-7.9386119,9.9787068,1.2606074,7.268408
-8.0336241,10.0095268,1.2535948,7.1524905
-8.1284156,10.0410265,1.2463029,7.0348952
-8.2229743,10.0732305,1.2387459,6.9153033
-8.3172887,10.1061622,1.2309385,6.7936101
-8.4113476,10.1398433,1.2228977,6.6694636
-8.5051414,10.1742946,1.2146614,6.5425387
-8.5987005,10.2094237,1.2094149,6.4094146
-8.692116,10.2446489,1.2131006,6.2820637
-8.785825,10.2790599,1.224965,6.1667493
-8.8799696,10.3122784,1.2385131,6.0570847
-8.9746331,10.3441492,1.2538641,5.9529128
-9.0698344,10.3744892,1.2709898,5.8540008
-9.1655798,10.4031141,1.2898715,5.7599704
-9.2618834,10.4298465,1.3104723,5.6704971
-9.3587121,10.4545015,1.332743,5.5851883
-9.4560195,10.4769002,1.3566254,5.5035344
-9.5538814,10.4968972,1.3820927,5.4251177
-9.6522532,10.5143237,1.4090873,5.3495354
-9.7510764,10.5290168,1.43755,5.2764084
-9.8502784,10.5408204,1.4674219,5.205387
-9.9497775,10.5495863,1.4986504,5.1361041
-10.0495272,10.5551752,1.5312143,5.068061
-10.1494178,10.557449,1.565053,5.0005509
-10.2493245,10.5562845,1.5999999,4.9321313
-10.3491101,10.5515914,1.6357104,4.8626444
-10.4486283,10.5433074,1.6721074,4.790721
-10.5477283,10.5313768,1.7092486,4.715936
-10.6464541,10.5157066,1.7473214,4.6383069
-10.7444998,10.4962416,1.786412,4.5577234
-10.8416781,10.4729086,1.8266783,4.4743333
-10.9377979,10.4456252,1.8683072,4.3882974
-11.0326486,10.4142996,1.9115395,4.2999537
-11.1260126,10.3788279,1.9565541,4.2099278
-11.2176375,10.3390898,2.0039032,4.1197391
-11.3072182,10.2949561,2.0536128,4.0277191
-11.394447,10.246326,2.1055054,3.933685
-11.4789936,10.1931297,2.1597257,3.8360683
-11.5604747,10.1353134,2.2165708,3.7349292
-11.6384617,10.0728371,2.2763957,3.6298752
-11.7124627,10.0056829,2.3396915,3.5207523
-11.7819003,9.9338665,2.4071463,3.4087098
-11.8460778,9.8574601,2.4797556,3.2965575
-11.9041825,9.7765557,2.559084,3.1895653
-11.955643,9.6904624,2.6485024,3.0981982
-11.9983831,9.600423,2.7508811,3.0409166
-12.0311224,9.5058156,2.8677185,3.008236
-12.0520406,9.4083157,2.9946254,3.0080482
-12.0600334,9.3089978,3.1271596,3.0078604
-12.0565929,9.2097669,-3.0715267,3.0291871
-12.0449596,9.1111619,-2.9703101,3.1990093
-12.0229688,9.0129387,-2.8771484,3.2307887
-11.993666,8.918356,-2.8079216,3.3438283
-11.9581826,8.8249163,-2.7510864,3.4909769
-11.9177841,8.7333346,-2.7022889,3.6392623
-11.873255,8.6437781,-2.6587658,3.7817203
-11.8250779,8.5562329,-2.6187283,3.9189864
-11.7735612,8.4706575,-2.5809882,4.0515884
-11.7189152,8.3870371,-2.5447348,4.1799702
-11.6612955,8.3053958,-2.5094,4.3045094
-11.6008276,8.2257937,-2.4745775,4.4255305
-11.5376203,8.1483182,-2.4399737,4.541385
-11.471773,8.0730756,-2.4053766,4.6470317
-11.4033972,8.0002013,-2.3706444,4.7427637
-11.3325702,7.929801,-2.3356565,4.8290014
-11.2592708,7.8618975,-2.3002893,4.9064735
-11.1835914,7.7966329,-2.2645152,4.9756544
-11.1056275,7.7341433,-2.2283374,5.0370775
-11.0254783,7.6745556,-2.1917844,5.0913383
-10.9432381,7.6179802,-2.1549054,5.1391012
-10.8588263,7.5644076,-2.1176802,5.1811406
-10.7724955,7.5140376,-2.0802157,5.2186297
-10.6843814,7.4669651,-2.0426595,5.2521852
-10.5945858,7.4232487,-2.0050575,5.282575
-10.5032211,7.3829475,-1.9673811,5.3102163
-10.4104092,7.3461244,-1.929595,5.3351318
-10.3162722,7.3128412,-1.8916623,5.3573939
-10.2209366,7.2831589,-1.853577,5.3770512
-10.1245409,7.2571048,-1.8161816,5.3950879
-10.027236,7.2345067,-1.7829431,5.4192092
-9.9292925,7.2148042,-1.7569628,5.4783355
-9.8309315,7.1973381,-1.7364585,5.5737998
-9.7322538,7.1818105,-1.7173672,5.6676448
-9.6333057,7.1681501,-1.6986611,5.7599495
-9.534125,7.1563253,-1.6803238,5.8507869
-9.4347488,7.1463024,-1.6623685,5.9402244
-9.3352122,7.1380459,-1.644813,6.0283241
-9.2355488,7.1315172,-1.6276784,6.115144
-9.1357902,7.1266752,-1.6109885,6.2007377
-9.0359662,7.1234756,-1.5947687,6.2851555
-8.9361043,7.1218708,-1.5790448,6.368444
-8.8362295,7.1218107,-1.5638419,6.450647
-8.736365,7.1232417,-1.5491861,6.5318055
-8.6365276,7.1261081,-1.5350986,6.611958
-8.5367299,7.1303514,-1.5216184,6.6911405
-8.4369822,7.1358998,-1.509236,6.7693872
-8.3372822,7.1424292,-1.5028426,6.8467301
-8.2376022,7.1491901,-1.5046954,6.9231996
-8.1378987,7.1553971,-1.5135607,6.9988241
-8.0381408,7.1605354,-1.5252125,7.073631
-7.9383276,7.1644805,-1.5374691,7.1476457
-7.8384769,7.1671734,-1.5502894,7.2208928
-7.7386,7.1685593,-1.5636367,7.291556
-7.6387134,7.1685873,-1.5774741,7.3560432
-7.538836,7.1672101,-1.5917663,7.3718657
-7.4389887,7.1643843,-1.6064799,7.3169092
-7.3391942,7.1600701,-1.6215837,7.2626435
-7.2394768,7.1542308,-1.6370492,7.2088339
-7.1398622,7.1468332,-1.6528505,7.1552618
-7.0403779,7.1378467,-1.6689647,7.101724
-6.9410524,7.1272436,-1.6853715,7.0480321
-6.8419155,7.1149986,-1.7020533,6.9940113
-6.7429981,7.1010886,-1.7189953,6.9395724
-6.6443324,7.0854925,-1.7361849,6.8846381
-6.5459513,7.0681909,-1.7536117,6.8290587
-6.4478887,7.0491663,-1.7712674,6.772692
-6.3501839,7.0284034,-1.7891444,6.7154018
-6.2528683,7.0058867,-1.8072383,6.6570489
-6.1559782,6.9816024,-1.825545,6.5975024
-6.0595515,6.9555385,-1.8440617,6.5366315
-5.9636267,6.9276836,-1.8627862,6.4743031
-5.8682436,6.8980272,-1.8817434,6.4103584
-5.7734453,6.8665512,-1.901113,6.3468132
-5.6792876,6.8332074,-1.9213314,6.2862306
-5.5858407,6.7979204,-1.9425559,6.2290634
-5.4931823,6.7606106,-1.9648007,6.1753151
-5.4013959,6.721202,-1.9880626,6.1250267
-5.3105708,6.6796223,-2.0123415,6.0782827
-5.2208024,6.6358032,-2.0376421,6.0352161
-5.1322028,6.5896859,-2.0639705,5.9960295
-5.0448771,6.541209,-2.0913421,5.9609905
-4.9589384,6.490315,-2.1197784,5.9304381
-4.8745105,6.4369529,-2.1492861,5.9044521
-4.791722,6.3810805,-2.1797872,5.882212
-4.7106989,6.3226752,-2.2110977,5.8633326
-4.6315659,6.2617297,-2.2431942,5.8481336
-4.5544526,6.1982419,-2.2761238,5.8372123
-4.4794971,6.1322131,-2.3099509,5.8312539
-4.4068424,6.0636459,-2.3447244,5.8308899
-4.3366456,5.9925515,-2.3805655,4.849298
